id,name,lastName,email
s245139,Alison,Peltz,apeltz0@godaddy.com
s223495,Sheff,Bolderoe,sbolderoe1@unesco.org
s285251,Damita,Menchenton,dmenchenton2@nba.com
s255051,El,Tarbert,etarbert3@w3.org
s252744,Hollie,Dower,hdower4@linkedin.com
s289734,Kellie,Whopples,kwhopples5@godaddy.com
s227661,Pansy,Haynes,phaynes6@theglobeandmail.com
s206513,Hollie,Tomley,htomley7@sfgate.com
s230281,Rees,Grimsdale,rgrimsdale8@sitemeter.com
s242569,Pate,Probyn,pprobyn9@mapy.cz
s219205,Renate,Coady,rcoadya@dot.gov
s265052,Susanne,Budgen,sbudgenb@dot.gov
s214418,Beilul,Shotbolt,bshotboltc@discovery.com
s284675,Darline,McIlwraith,dmcilwraithd@imgur.com
s229190,Marlon,Fasham,mfashame@google.com
s282475,Maurice,Volage,mvolagef@dmoz.org
s217263,Marcille,Treweela,mtreweelag@wisc.edu
s262887,Egbert,Whoston,ewhostonh@thetimes.co.uk
s246542,Cortney,Dorbin,cdorbini@boston.com
s243159,Raimund,Antat,rantatj@tumblr.com
s223824,Lindsy,Chatburn,lchatburnk@nyu.edu
s281386,Shelby,Matiebe,smatiebel@adobe.com
s248884,Madelene,Roll,mrollm@guardian.co.uk
s268282,Ches,Fitchett,cfitchettn@desdev.cn
s216623,Della,Bearns,dbearnso@smh.com.au
s207534,Clemmie,Jeans,cjeansp@webeden.co.uk
s292346,Franky,Bjorkan,fbjorkanq@topsy.com
s293521,Vevay,Prangley,vprangleyr@livejournal.com
s234554,Ame,Vaney,avaneys@t.co
s225873,Jayme,Hedney,jhedneyt@bandcamp.com
s250193,Meryl,Langrish,mlangrishu@vkontakte.ru
s289544,Birgitta,Sproul,bsproulv@ameblo.jp
s259323,Gabbie,De Domenici,gdedomeniciw@dot.gov
s235255,Bradford,Nuschke,bnuschkex@paginegialle.it
s208172,Norrie,Knobell,nknobelly@artisteer.com
s214239,Thatch,Pestell,tpestellz@cpanel.net
s228885,Ricoriki,Warrick,rwarrick10@paypal.com
s238636,Elwin,Bafford,ebafford11@berkeley.edu
s232366,Joelie,Lazenby,jlazenby12@google.pl
s218409,Benoit,Shaw,bshaw13@ucoz.com
s228575,Mignonne,Shayler,mshayler14@nifty.com
s206546,Darnall,Overnell,dovernell15@engadget.com
s235923,Elmira,Newlove,enewlove16@jigsy.com
s285222,Vanny,Halso,vhalso17@ftc.gov
s237606,Quintin,Elgar,qelgar18@over-blog.com
s220566,Luce,Diwell,ldiwell19@woothemes.com
s289772,Victoir,McGillicuddy,vmcgillicuddy1a@linkedin.com
s222017,Julie,Galle,jgalle1b@independent.co.uk
s277881,Kimble,Behnecke,kbehnecke1c@scribd.com
s296206,Veronika,Dickon,vdickon1d@un.org
s268926,Murry,Ebbens,mebbens1e@phpbb.com
s241963,Emmalynn,Escale,eescale1f@rakuten.co.jp
s276236,Colman,Cattle,ccattle1g@tamu.edu
s290703,Ailis,Dickings,adickings1h@yahoo.com
s241739,Francisca,Farnill,ffarnill1i@bravesites.com
s218810,Norah,Milburne,nmilburne1j@census.gov
s263238,Hatti,Marvell,hmarvell1k@icio.us
s295542,Pammy,Mintram,pmintram1l@google.ru
s250276,Perrine,Fritschel,pfritschel1m@topsy.com
s275133,Nichols,Marsden,nmarsden1n@utexas.edu
s264631,Maury,Sciusscietto,msciusscietto1o@addthis.com
s266065,Jessalin,Baker,jbaker1p@loc.gov
s299688,Jaime,Pilmore,jpilmore1q@joomla.org
s266980,Olivier,Loxton,oloxton1r@goo.gl
s247539,Frayda,Slee,fslee1s@printfriendly.com
s207633,Kerrin,Gladtbach,kgladtbach1t@wordpress.com
s274955,Bondy,Clempton,bclempton1u@ask.com
s264572,Marris,Gummoe,mgummoe1v@bloomberg.com
s257249,Glen,Glidden,gglidden1w@tripod.com
s252517,Sutherland,MacGall,smacgall1x@google.com
s289057,Adamo,Enriques,aenriques1y@addthis.com
s238549,Pail,Inseal,pinseal1z@ask.com
s256182,Raquel,Kenewell,rkenewell20@ftc.gov
s236330,Lemar,Wapples,lwapples21@dropbox.com
s289890,Sancho,Gillson,sgillson22@privacy.gov.au
s259433,Madelina,Marielle,mmarielle23@prweb.com
s237110,Stafford,Yekel,syekel24@360.cn
s221916,Hildagard,Cleall,hcleall25@t-online.de
s212938,Dari,Davidove,ddavidove26@zimbio.com
s267438,De,Hainge,dhainge27@sakura.ne.jp
s240153,Maddie,Faust,mfaust28@elegantthemes.com
s217018,Abbey,Woolford,awoolford29@jiathis.com
s253278,Bobina,Allett,ballett2a@marriott.com
s220875,Idette,Dainter,idainter2b@reference.com
s220409,Patton,Garralts,pgarralts2c@chronoengine.com
s259408,Sharlene,Sutterfield,ssutterfield2d@google.ru
s251268,Marena,Hatt,mhatt2e@sbwire.com
s224474,Erena,Baccas,ebaccas2f@tamu.edu
s217916,Illa,Shewring,ishewring2g@diigo.com
s276139,Ranna,Whibley,rwhibley2h@sun.com
s217528,Dorthy,Wyke,dwyke2i@csmonitor.com
s210297,Karry,Mablestone,kmablestone2j@myspace.com
s225912,Candace,Phlippsen,cphlippsen2k@gnu.org
s216548,Nelly,Morlon,nmorlon2l@redcross.org
s243062,Ajay,Ferrarini,aferrarini2m@earthlink.net
s235871,Trevor,Elia,telia2n@dion.ne.jp
s237349,Shaughn,Matejka,smatejka2o@narod.ru
s233707,Randi,Naisbit,rnaisbit2p@cocolog-nifty.com
s267226,Thedric,Laskey,tlaskey2q@quantcast.com
s283374,Katie,Kytter,kkytter2r@cbsnews.com
